{"_timestamp":1.765081626970925e+09,"train/samples":800000,"train/grad_norm":5.81595008969307,"train/loss":0.031171275484375656,"train/l1_loss":0.018393035978078842,"train/dataloading_s":0.0017081501707434654,"_wandb":{"runtime":4720},"train/lr":1.0000000000000021e-05,"train/episodes":1390.9414935234288,"train/steps":100000,"_runtime":4720.091670882,"train/update_s":0.043122116029262546,"train/epochs":69.54707467617143,"_step":100000,"train/kld_loss":7.342174649238586e-05}