{"train/loss":0.03217137061990798,"train/episodes":1321.6242065907313,"train/kld_loss":7.758662104606628e-05,"train/lr":1.0000000000000021e-05,"train/grad_norm":4.723044496774674,"_runtime":4737.013701769,"_timestamp":1.7650212699471483e+09,"_wandb":{"runtime":4737},"train/dataloading_s":0.0016800872329622506,"train/update_s":0.04421373729594052,"train/samples":800000,"train/l1_loss":0.02634490467607975,"train/steps":100000,"_step":100000,"train/epochs":69.55916876793323}