{"train/grad_norm":6.175089988708496,"_step":100000,"train/samples":800000,"train/episodes":1391.0624239262736,"_runtime":4947.222356994,"_timestamp":1.765085712711744e+09,"train/l1_loss":0.020409798249602318,"train/update_s":0.04301576163969003,"train/lr":1.0000000000000021e-05,"train/kld_loss":7.366016507148743e-05,"_wandb":{"runtime":4947},"train/steps":100000,"train/epochs":69.55312119631368,"train/dataloading_s":0.0016598793130833656,"train/loss":0.030582547690719365}