{"_timestamp":1.765013844196934e+09,"train/samples":800000,"_step":100000,"train/episodes":1391.1833753586645,"train/kld_loss":0.00010331720113754272,"train/loss":0.0272045542858541,"train/l1_loss":0.026341881603002548,"train/grad_norm":5.024652740955353,"train/epochs":69.55916876793323,"train/lr":1.0000000000000021e-05,"train/dataloading_s":0.001713692690245807,"_wandb":{"runtime":4847},"train/steps":100000,"train/update_s":0.043355192383751275,"_runtime":4847.122330484}