{"_runtime": 4999.44981135, "_timestamp": 1764984951.706898, "train/epochs": 77.28721862621968, "train/loss": 0.028104795408435166, "train/grad_norm": 3.9510548448562623, "train/update_s": 0.04366685502231121, "train/dataloading_s": 0.0017676073545590044, "train/l1_loss": 0.028545252978801727, "train/samples": 800000, "train/episodes": 1391.1699352719545, "train/lr": 1.0000000000000021e-05, "train/kld_loss": 5.8241188526153564e-05, "_step": 100000, "train/steps": 100000}